{
    "Valve_0": {
        "a": 3.529411792755127,
        "b": 111.76470947265625
    },
    "Valve_1": {
        "a": 3.658536672592163,
        "b": 17.073171615600586
    },
    "Valve_10": {
        "a": 5,
        "b": 0
    },
    "Valve_11": {
        "a": 5.454545497894287,
        "b": 90.90908813476562
    },
    "Valve_2": {
        "a": 3.1914894580841064,
        "b": 101.06382751464844
    },
    "Valve_3": {
        "a": 3.529411792755127,
        "b": 129.41175842285156
    },
    "Valve_4": {
        "a": 4.411764621734619,
        "b": 58.82352828979492
    },
    "Valve_5": {
        "a": 3.1578948497772217,
        "b": 57.894737243652344
    },
    "Valve_6": {
        "a": 8.571428298950195,
        "b": -40
    },
    "Valve_7": {
        "a": 3.614457845687866,
        "b": 48.192771911621094
    },
    "Valve_8": {
        "a": 7.317073345184326,
        "b": 31.707317352294922
    },
    "Valve_9": {
        "a": 5,
        "b": 0
    }
}
